Replicate,Receptor ,Compound ,0,1.00E-12,1.00E-11,1.00E-10,1.00E-09,1.00E-08,1.00E-07,1.00E-06,1.00E-05,0.0001,0.001
1,R168,TPA,1088.612604,1817.251004,1098.055698,1542.130814,2533.930734,4715.388446,9190.625087,9264.863049,10662.77767,10994.15046,10299.00506
2,R168,TPA,859.531153,1194.248945,887.8870428,991.4604188,1722.699342,4353.639332,7746.931586,7228.161567,8846.26429,9487.894122,10924.56023
3,R168,TPA,887.2361482,1440.552794,906.0463982,1203.177618,2087.151057,4088.626699,7030.109204,7852.52272,7188.491504,9702.823924,10238.46537
4,R168,TPA,1804.960701,1777.954172,2111.847774,1795.676567,2028.299416,10544.82132,21829.72297,20085.88701,23653.82671,29281.1869,31679.5464
5,R168,TPA,2839.797949,1850.845033,1765.330725,1491.967383,2991.822518,10943.03931,22201.87388,19979.35615,20580.83937,25254.60638,27459.86045
6,R168,TPA,3536.517719,2189.802323,2533.201494,1447.319025,2018.246663,6013.75324,23333.30759,25265.06212,23465.82031,29053.33854,28279.35873
7,R168,TPA,931.7749376,1098.24036,967.9580846,745.2592278,971.7559374,6515.852071,12966.9372,15405.92423,19581.41491,22684.79796,20736.09362
8,R168,TPA,946.9075663,1021.283504,1068.654851,1063.669181,1182.18601,5249.078139,10769.48786,17472.38323,16701.96944,20733.58896,18712.62977
9,R168,TPA,985.9051401,745.2188711,999.3447348,1133.880422,843.2644468,5069.933865,10884.45683,16594.79054,16018.83944,18783.94609,19628.83824
1,R168,2-PEA,2775.051571,,2107.501127,2494.322732,2426.617417,2193.041886,1938.966208,2056.515801,1995.783168,5114.38023,6844.10473
2,R168,2-PEA,1872.051756,,2295.206952,2759.777312,2252.097674,1867.084638,2230.922481,1945.336979,2425.10848,3920.725461,6743.880619
3,R168,2-PEA,2588.97985,,2280.274143,2082.719722,2436.04172,1874.963266,1895.690986,1345.443321,1962.15492,4500.124122,6895.536365
4,R168,2-PEA,2614.516863,,2410.048441,3516.27323,2273.608592,3101.405262,2365.152235,2691.138732,2287.024492,6367.442001,21035.43407
5,R168,2-PEA,1675.142514,,2941.622789,3627.050384,2127.206262,2191.943241,1806.049722,2289.041057,2552.904984,2305.872441,26205.99162
6,R168,2-PEA,1748.528117,,2557.063627,5345.423825,2402.640947,1733.939378,1870.258764,2463.24778,2020.25517,1699.674738,12520.88854
7,R168,2-PEA,1707.415822,,1264.374015,1184.342388,1936.849366,1467.753709,1228.075477,1316.779689,1739.979504,6113.693388,9635.953998
8,R168,2-PEA,2078.606464,,1661.579002,1572.470707,1767.781407,1811.602055,1069.214215,2077.754478,1607.93831,7353.053834,13686.31311
9,R168,2-PEA,2876.243213,,1158.342715,1246.397361,1581.756011,1273.130326,1193.020023,1396.285101,1546.393664,8833.54408,11404.36629
10,R168,2-PEA,743.5240384,,786.2466104,492.4717312,387.6115128,600.4753112,826.727916,1409.14122,5704.490634,11271.1506,9780.428617
11,R168,2-PEA,412.587152,,493.1862544,653.5674112,1059.164347,654.4922016,547.0407848,1518.178722,5079.736284,10359.50776,10594.20197
10,R168,TPA,504.9618976,,1559.103334,573.5565568,2195.030513,7141.893595,13894.5644,17993.26493,19991.91651,18094.77566,20812.13819
11,R168,TPA,1141.008429,,812.8507304,533.4840064,1888.03269,6274.333638,13517.42476,13196.31138,14537.1179,16846.66005,20502.79141
12,R168,TPA,731.110006,,1104.763595,1964.301124,3641.204932,15257.65418,25745.58957,30402.87455,27564.84693,39392.44374,38254.06996
13,R168,TPA,731.1517776,,695.2283488,2196.018047,2266.472451,10418.71799,24068.03426,26550.26462,32790.09467,37121.14388,33000.71821
12,R168,2-PEA,409.7062608,,997.2852944,1000.56114,1053.402588,980.7075008,1601.597871,4121.433244,16728.77595,23725.38668,25841.14426
13,R168,2-PEA,517.194216,,908.2403652,982.0420512,1588.896842,1480.634891,1405.900532,5619.513981,19314.38674,23361.22354,27296.76136
1,R170,TPA,1826.866695,1845.083376,1018.522927,1692.775007,9575.298249,13565.80515,18024.47712,19905.78047,20352.79358,21174.30736,20765.95099
2,R170,TPA,1475.011405,1865.402461,1101.207655,2497.872092,9839.583808,11846.15382,13546.43929,14159.45188,17512.17406,19525.27211,18137.77011
3,R170,TPA,1547.925702,1480.450986,1138.318182,2835.343338,9064.191884,10698.34473,15531.51937,19777.6813,18970.98148,19851.10666,20237.90717
4,R170,TPA,2569.944924,2389.700232,2451.63653,2272.22503,9079.59667,26787.41055,30764.72412,29930.91136,30927.95661,34227.07115,34315.46255
5,R170,TPA,2385.89539,2306.557463,2066.554,2830.84805,8131.60914,28402.88451,35931.85831,33156.73085,32540.23758,34499.25915,34085.00618
6,R170,TPA,3344.222969,2775.543481,1965.526177,1516.5059,11596.3447,28605.70167,32404.16107,35085.87006,34435.0474,32658.32702,35332.27141
1,R170,5HT,1800.130425,1628.657453,1371.888681,1133.870702,1526.696999,1064.212862,1961.013672,4979.58549,11341.03081,16042.49021,19094.23657
2,R170,5HT,1697.142249,1638.016939,1287.501355,1095.57155,1303.007481,1153.346237,2036.5168,4872.303923,7919.895912,12647.07168,15787.53675
3,R170,5HT,1762.680346,1602.14276,1399.285288,1197.222374,1153.225872,1387.06886,2191.325042,4374.437859,8129.385865,17215.00404,14501.80901
4,R170,5HT,3011.689734,2592.149073,2360.458743,2117.381639,2521.976788,2588.451868,5049.454788,9262.622549,14190.20514,19814.36246,22579.46854
5,R170,5HT,3149.688221,2959.14473,2617.248905,2603.53057,2053.463681,2726.970054,4379.474925,8543.065877,17658.90524,23936.95675,29501.81311
6,R170,5HT,3232.622208,3290.18462,2709.252299,2163.153873,2283.74479,2616.593174,5502.327488,10116.84297,19254.43385,19836.30613,28624.87
7,R170,5HT,3040.897368,3321.691538,3710.943286,2149.930813,2534.400763,4318.695496,13948.52684,27558.74948,30559.68244,32258.1945,35548.7223
8,R170,5HT,3207.994947,3925.665809,2963.747019,2783.534779,2481.21752,3892.671799,14955.06784,26956.17033,36775.44299,39424.17347,44592.06648
9,R170,5HT,3531.616468,3331.020662,2961.877057,2403.435102,2336.993526,3947.563176,14925.14111,28794.68194,38861.92367,41429.84929,37929.01368
1,R170,TA,5735.60699,,4025.229284,4204.765649,3644.556275,2834.721734,6881.110171,25202.47446,98001.75369,101781.381,91466.25886
2,R170,TA,13317.30789,,3504.94361,2699.916359,3352.551283,2208.582591,3498.738508,22720.27659,67763.25688,78827.63053,97660.20963
3,R170,TA,13720.46789,,3804.976508,2891.439481,2293.322488,3210.543341,4715.625251,20285.16686,57365.37554,65691.98677,82200.02648
1,R170,2-PEA,5553.463234,,4343.859,6475.833413,4458.555598,3160.308421,3838.128208,13070.62962,46275.38049,53359.62255,81637.30508
2,R170,2-PEA,5808.691664,,12389.33439,3456.898781,2530.896754,3267.152637,4121.336633,17361.20937,59274.55135,77387.73621,106087.089
3,R170,2-PEA,5517.059265,,7520.367206,3922.442222,3333.389871,4279.19216,4449.789784,17233.55368,62122.26424,90038.24216,101346.4642
4,R170,TA,1280.23518,,3940.18743,3379.519411,2813.154899,2075.865072,2754.279133,9303.871645,10606.39384,14546.05474,18334.89086
5,R170,TA,1466.951156,,4408.931865,3007.537862,3408.249779,3042.834187,2426.083794,10069.56711,17720.66335,20298.25731,24734.57189
6,R170,TA,1068.646046,,5463.880693,4284.635141,4002.655799,3281.389363,3270.185745,10880.88037,16021.02461,23400.86212,27152.83277
4,R170,2-PEA,1094.008173,,4515.475675,4416.89855,4250.61728,3086.75847,2327.81553,8233.750698,13908.78147,32385.48461,34914.5697
5,R170,2-PEA,1110.580621,,5509.374654,4239.351432,3975.707028,3051.632705,2674.62842,7835.802135,20283.61844,33588.89371,45999.87848
6,R170,2-PEA,1060.843308,,5128.040809,4009.618368,3950.06094,2901.660087,2977.359047,7967.047418,18395.14929,36840.10584,54344.52242
7,R170,2-PEA,3172.963446,,4197.596694,2603.628974,2032.735006,2387.954501,2873.670217,2788.292032,5176.808259,9890.991101,15718.73267
8,R170,2-PEA,2115.543544,,3007.216888,2158.840467,1912.121796,1626.620143,2092.896244,2557.129327,4885.025528,10175.25132,16005.22982
9,R170,2-PEA,2562.316226,,2665.332172,2157.512384,2323.611826,2345.011914,2221.613294,2471.598912,4594.252988,12438.76357,14299.20624
1,R170,p-OCT,2176.740825,,2481.323862,2680.69707,1929.099214,1985.986707,1878.436796,2385.286059,5939.308356,6214.96801,11215.15107
2,R170,p-OCT,2051.789098,,1752.434347,2259.993236,1946.643754,2070.947547,1844.556959,2625.521857,5232.107807,5952.811875,13206.03279
3,R170,p-OCT,1511.431892,,3581.47305,1892.292176,1989.063991,1626.28522,2410.660726,2685.01254,4655.114025,7151.772048,18311.41958
4,R170,p-OCT,866.5391455,,615.5525786,518.1518075,759.9748922,591.0162624,536.734799,893.7795586,1175.913425,4015.811045,6995.54336
5,R170,p-OCT,728.5650677,,471.5607102,662.237875,1021.347204,465.3994576,662.8049284,909.9600724,1255.297649,5784.474808,6293.3823
6,R170,p-OCT,696.020067,,719.327537,654.051105,1266.090253,630.9226536,875.5037646,712.295007,1530.499144,3991.260343,6680.074811
7,R170,p-OCT,612.4280844,,615.5525786,518.1518075,759.9748922,591.0162624,536.734799,893.7795586,1175.913425,4015.811045,6995.54336
8,R170,p-OCT,726.5138828,,471.5607102,662.237875,1021.347204,465.3994576,662.8049284,909.9600724,1255.297649,5784.474808,6293.3823
9,R170,p-OCT,963.4148703,,719.327537,654.051105,1266.090253,630.9226536,875.5037646,712.295007,1530.499144,3991.260343,6680.074811
7,R170,TA,809.4412803,,775.10243,574.4482025,648.7279134,583.8848164,710.4523792,2735.657988,3071.805143,9437.92587,9795.177831
8,R170,TA,760.4883763,,671.3259222,518.5771725,751.7078878,614.8845956,938.8395112,2838.780064,3293.379696,9086.302604,11379.64828
9,R170,TA,696.0145653,,823.6412342,661.9914525,553.9392426,851.684176,867.9173688,2870.701746,4673.627615,8486.771477,11912.4179
10,R170,TA,1546.711657,,1737.698831,1721.552017,1548.748475,1922.505916,1759.497032,2570.025578,5680.207245,12525.60094,11750.41382
11,R170,TA,1521.589075,,1458.864126,1683.222171,1844.01877,2190.393791,2079.137156,1876.170167,6138.36377,11893.94667,11827.41028
10,R170,2-PEA,1724.372937,,1673.717238,1964.67635,1329.120674,1604.327285,1746.757374,2438.922788,6111.33433,13338.12979,12053.26636
11,R170,2-PEA,1976.295568,,2118.306284,1567.803214,1726.318748,1641.96253,2129.401757,2675.105614,6457.237251,11138.34302,10399.09994
10,R170,TPA,1585.025854,,1953.744855,2268.466502,3167.933801,8999.241668,16739.91853,18742.79886,18877.15389,19411.93883,20994.91377
11,R170,TPA,2089.91368,,1369.616305,2409.653145,3293.490487,7260.825836,14555.00846,15944.71591,15164.11987,22000.23746,20494.61196
10,R170,p-OCT,2931.706758,,3269.124435,2436.329121,3404.848143,3149.305101,3241.295967,3042.374576,7978.450078,13958.88727,15579.53573
11,R170,p-OCT,3315.799089,,1265.076605,3504.82892,3476.664961,2489.947455,3329.848139,3164.809242,5540.922184,16113.58394,17946.77452
12,R170,TPA,2385.987271,,3973.693886,4986.293016,2877.045899,6928.674522,8457.792745,9737.412314,9875.657295,12345.38485,10306.74963
13,R170,TPA,5482.132127,,3867.952844,5987.204595,2359.18455,7019.490426,15571.32406,9740.909292,11334.54071,14342.86317,13039.08132
10,R170,TA,6429.05373,,3937.633284,6364.142072,4359.830121,3687.099673,3152.663261,2604.80526,5629.121515,13679.40558,10299.65148
11,R170,TA,6800.169415,,4365.837442,5934.882931,3912.865927,4343.869228,2814.562409,2194.568862,6913.93476,13807.05952,12066.26294
10,R170,5HT,4415.86033,,5186.216356,1769.938286,1107.591959,2259.641344,3919.212791,8329.863947,16713.69076,21794.67248,15750.3418
11,R170,5HT,5464.048601,,3847.685427,1804.759837,1268.723326,2081.935943,4116.206658,7990.391114,17638.25198,10651.63165,21225.80398
12,R170,2-PEA,3827.306655,,3243.7083,2092.363014,1590.380063,1885.617792,1781.648666,2959.974884,9835.220362,23807.28281,17740.03788
13,R170,2-PEA,4698.500134,,2655.733279,1358.742076,1411.110165,1547.821798,1994.895723,2479.35988,10330.01409,17401.15481,13659.21318
1,R173,TPA,1122.958166,2007.499874,1316.836212,1774.578329,2975.554383,7562.592347,8856.176095,8577.046708,10947.11827,9664.756281,11162.47296
2,R173,TPA,1725.491877,1390.803615,1247.344726,1591.448685,1817.365713,5933.066714,7030.675122,7907.114043,8809.50946,8556.494759,8869.623129
3,R173,TPA,1072.76663,1999.551117,1404.197333,1469.326436,1345.151158,4541.593497,6790.984273,6613.299096,7790.313612,7417.283063,8528.101385
1,R173,5HT,1126.042093,1681.87249,1674.448147,1365.586244,1582.216187,1143.691813,1307.737239,1858.580319,2232.078108,3426.261479,4088.532068
2,R173,5HT,1330.329975,1381.917254,1447.84201,1409.242892,1512.901876,1702.489739,1478.2257,2003.359421,2042.823322,3817.987286,4712.078123
3,R173,5HT,1259.960839,1338.572736,1796.876969,1382.934914,1581.199013,1306.888055,1119.722018,1901.440537,2730.22744,3861.594771,6327.342731
4,R173,TPA,5306.115925,4950.463841,5026.45113,7565.917545,9309.8376,8413.77702,26001.87588,31193.17763,31015.76634,37010.51829,36440.98184
5,R173,TPA,5728.501688,5382.675383,5019.748157,8821.293384,7668.62483,9652.24101,26904.95275,30389.65015,31364.79314,42199.09157,37852.24721
6,R173,TPA,5398.658894,4467.213983,6117.875923,8133.804624,9984.340157,7029.21056,19929.02707,26859.30537,33370.02072,35622.98995,37631.22554
4,R173,5HT,4963.152172,4560.168358,2722.446766,1655.013571,2722.515502,3196.510214,3565.565881,6813.801947,15906.68796,15636.90054,24284.58771
5,R173,5HT,2186.158026,2960.069243,2411.238835,2044.179953,3032.258343,2850.416529,4284.347822,7772.518348,17382.32564,19432.57882,22246.0175
6,R173,5HT,2826.662478,2739.739896,2225.47764,1425.033073,2051.111507,2399.972062,4937.431401,3622.386157,15795.94723,19616.01188,21221.44802
7,R173,TPA,2244.806912,2082.822371,1837.043355,2216.71973,2715.405657,3917.879327,7655.550298,7913.333265,11836.69278,12323.73529,16140.27036
8,R173,TPA,2138.973236,2094.329042,2316.777151,2918.171694,2643.73975,3921.601901,7097.920105,6901.597987,9964.201743,12028.16478,14835.6624
9,R173,TPA,2663.021602,2554.745323,2476.045535,2786.56116,3141.016011,3839.542701,7008.270105,6419.60041,9855.209875,12668.77026,14092.40824
7,R173,5HT,4929.712919,4013.568251,3501.661711,2813.307808,4211.98609,3442.518917,4061.198087,7859.84615,10509.16501,11922.2209,15995.39578
8,R173,5HT,5682.371252,5796.09799,3500.64716,2590.831576,3299.025343,3175.908718,4053.71577,8402.494439,10298.82663,13602.54886,14257.84451
9,R173,5HT,5115.028622,5618.979908,3555.411475,3231.19507,3555.462876,3788.642524,3823.509527,9259.985493,10786.76874,14132.65658,16099.2113
10,R173,TPA,1708.907199,,906.4023844,1643.14005,1289.316033,1835.745585,9195.676958,14282.90885,17916.77157,19519.37846,19027.5349
11,R173,TPA,1616.168406,,1108.263226,1657.5278,1372.263965,1579.065246,7443.183831,14275.10472,16263.1467,21821.8125,20476.03835
10,R173,5HT,1399.170387,,1260.378358,1026.9374,1205.970378,1420.01798,987.5839444,2213.63549,4057.720646,12604.6382,15162.14307
11,R173,5HT,1816.925296,,1633.828009,1472.519804,1325.951448,1594.315098,1504.398364,1902.634076,3853.258728,12778.12626,12744.07109
1,R165,2-PEA,660.9020464,,542.2799392,770.4017616,525.484628,470.275748,848.4441784,2743.933439,19637.66658,31910.67605,25323.47277
2,R165,2-PEA,623.7785264,,839.5098864,1017.004189,691.605944,419.3109008,557.5745464,3334.899712,19556.04888,30862.39135,38156.85942
1,R165,TA,729.469432,,594.04284,768.4432752,4351.422264,5262.349875,18037.25684,33776.39269,41191.79967,46251.44452,41597.83292
2,R165,TA,688.208012,,594.0517792,975.3958312,679.1004728,5057.675766,19499.82398,34299.05888,38602.36828,48944.40578,37603.47421
1,R165,TPA,597.7727736,,749.3003472,578.3141664,1166.081757,1144.072229,1811.922849,6523.461639,19302.55332,31271.84525,27342.74207
2,R165,TPA,817.1474784,,594.05368,847.5801616,743.2007768,1537.939922,1786.027157,4811.244529,16375.4853,17442.44939,23914.85585
3,R165,TPA,1353.605628,,1175.193077,2531.755058,961.5076704,1096.767161,1662.884884,2307.38581,20277.11684,36288.45479,34193.85953
4,R165,TPA,884.7650896,,1248.568682,2278.832832,1324.436134,1498.445962,1737.150439,2214.248967,15781.30926,39718.01657,38250.76366
3,R165,TA,1318.014015,,1609.305323,3182.958993,3374.6082,2556.460531,6713.84694,31480.69672,48981.02851,63294.85977,63903.94976
4,R165,TA,1317.71024,,1086.017372,4432.348788,3738.778251,3089.106116,7111.09874,30761.22911,60238.86043,60843.10118,48996.37265
3,R165,5HT,776.0248792,,1049.388644,1031.482348,1306.463515,1334.127972,2835.807721,1976.943052,12119.60191,24319.32031,33244.41001
4,R165,5HT,865.8631564,,1139.798578,1465.26852,852.6357108,803.8204656,2138.36633,2196.38874,10946.99913,23903.03348,23965.56433
3,R165,2-PEA,739.9562592,,832.64563,976.4411664,1052.231562,876.4050408,1170.356672,1226.147801,16710.02681,31197.80136,32141.91864
4,R165,2-PEA,793.767886,,977.0903832,850.7085,997.759944,694.7436384,731.3950036,1518.462806,16433.59583,35944.75965,30673.14267
5,R165,TPA,2127.985215,,2434.423753,3989.92606,3805.78608,3907.038096,4026.484483,3008.141514,5592.599829,11038.81504,9791.319922
6,R165,TPA,2397.280017,,1173.376016,4611.701453,3846.048754,3446.232259,3432.974551,3118.070842,7506.40164,9805.849424,9634.192617
7,R165,TPA,1555.181662,,2473.116853,3691.474866,3161.93019,3128.958884,3950.381603,3640.554401,8292.800169,11701.80888,97561.09771
8,R165,TPA,5016.174651,,5007.457506,4194.907743,5399.853659,4905.635215,6402.65279,4315.735379,15117.99309,42450.31284,39397.35064
9,R165,TPA,5044.829401,,5573.648818,4900.009392,5600.818169,4655.963434,6638.215715,5557.911903,11099.30653,25567.75169,33005.89208
10,R165,TPA,6438.403789,,6315.949467,4228.074627,5748.976411,4345.579014,7271.651504,4689.206757,10173.93811,24986.51764,28795.79914
5,R165,5HT,3991.656786,,4567.110415,4503.603328,4613.442076,3630.751591,4477.783911,5352.381779,6500.092521,13848.89037,14901.88861
6,R165,5HT,3744.394461,,3635.962889,3827.18518,4398.137637,3595.549532,5752.994485,6118.751608,7850.721905,13335.90955,20427.09422
7,R165,5HT,2557.100279,,5812.14534,3349.950465,4427.766038,4169.560313,6264.171095,4770.180611,7621.397204,15277.38818,18561.4684
8,R165,5HT,1744.781257,,1043.564029,1188.409445,1234.052647,1318.494018,1658.035658,1612.992828,2965.92069,13744.52259,18372.23249
9,R165,5HT,1768.4405,,956.0957732,1253.15337,1306.66874,1095.324334,1218.765806,1436.27557,2348.586958,14487.19248,11901.63358
10,R165,5HT,1695.247213,,996.6190608,1139.5182,993.5159668,1463.251121,1146.422155,1252.046309,4144.339444,7787.516568,15465.24231
5,R165,TA,1449.02115,1220.155089,1154.156065,1244.107709,1223.25624,1190.056922,6368.439415,14669.57114,29173.63239,34275.79868,37277.93413
6,R165,TA,1967.815365,1244.144541,1464.724079,1379.25575,1176.425673,975.1185675,6061.67996,10724.31217,26714.70409,33766.00368,36044.90561
7,R165,TA,1377.800541,1093.537472,1051.018193,1213.093834,1215.734375,1118.639416,5108.979099,12611.4719,25449.21378,37086.51785,36542.86652
8,R165,TA,1409.672413,1893.824372,1512.246975,1537.390131,1966.056557,1476.223085,5455.090274,11507.55403,24928.05776,31775.41288,31723.25433
9,R165,TA,1763.431576,1125.021147,1321.663724,1212.564848,1097.082863,1634.089768,5588.784937,13256.59508,26378.89037,31325.2622,32515.18519
10,R165,TA,936.845518,1815.589843,1552.036894,1284.114938,1113.04668,1507.379325,5580.889773,15178.23689,28282.49976,30474.75492,32413.39051
11,R165,TA,1342.833181,1053.444664,1674.515364,912.4688938,779.57814,886.682279,2022.913687,12605.74464,22502.77309,22300.22569,25293.35204
12,R165,TA,1853.949962,1241.10663,1897.75188,1029.351479,1227.109274,923.2074712,3233.541135,13947.67237,24117.3689,26443.44919,30885.21385
13,R165,TA,1942.324637,1962.249847,2354.045202,1350.761084,1675.223226,1684.634982,3700.273375,16982.10011,25761.56133,29446.07862,30615.55865
5,R165,2-PEA,4286.723859,4599.523643,4829.205658,5371.271894,6395.464653,4868.508222,4231.111509,4064.628989,7486.127533,10265.25045,12962.12189
6,R165,2-PEA,4013.468654,4778.796884,5033.426909,6856.14202,4321.916144,6166.403153,5252.038928,5662.634266,8820.819184,14949.46768,21810.154
7,R165,2-PEA,4557.405574,4559.887198,4247.425615,6839.518014,5087.990362,5278.721128,4536.627875,4097.825133,11692.34107,15104.56476,21107.54026
8,R165,2-PEA,1772.562834,1294.004855,1263.402756,1092.273461,887.2668024,1148.260022,1663.414637,1748.172578,7715.439717,9491.320507,30846.09976
9,R165,2-PEA,2339.552547,2160.933485,1844.368041,1468.383729,1208.783109,1705.83337,2069.316951,1889.994326,9017.294705,13486.27124,24885.91085
10,R165,2-PEA,2434.424807,2241.552003,1755.56143,1556.699979,1809.853584,1867.067035,2458.921351,3079.72979,9286.979631,11497.12606,28161.01116
1,R153,TPA,1518.334773,,1330.054245,1523.674245,1432.471789,1969.667096,4430.241698,12946.70755,20471.44954,24306.11383,24587.67746
2,R153,TPA,1605.781585,,1369.220177,1101.875327,1663.016949,2031.399877,4740.918633,13235.53015,17427.30563,20440.69065,24616.61572
1,R153,TA,1837.174639,,1431.387668,1423.318803,1688.015785,1521.107428,1405.964246,4772.812378,10030.17812,10880.11924,12357.10279
2,R153,TA,2000.057642,,1550.863359,1472.834645,1278.969704,1176.337259,1432.250164,5553.490982,12305.96197,12298.65216,13401.98728
1,R153,2-PEA,1671.910938,,1543.156348,1705.369283,1090.713276,10799.08104,19887.50394,21668.33016,20036.27102,21854.96123,24606.47953
2,R153,2-PEA,1745.709315,,1840.946431,1704.305994,1128.168482,10186.42492,19914.61707,18958.2435,18642.2178,23225.66572,25555.86509
1,R153,5HT,1757.962538,,1801.054481,1462.783349,1229.137543,1157.646333,1301.25896,3631.934149,15180.09657,20659.47095,20171.11479
2,R153,5HT,1633.181891,,2120.732317,1177.047218,1478.48135,1638.827794,1175.897904,4018.645014,16835.61268,21610.67496,17532.43523
3,R153,2-PEA,2218.757776,,2103.539615,3459.814768,3404.005109,13984.71694,19776.84496,22079.21725,22637.03061,22610.07906,23038.75407
4,R153,2-PEA,3239.839251,,3796.984835,4530.730567,3351.195657,13254.59627,19184.70286,20009.40261,22591.71504,23711.4045,22069.7991
3,R153,TA,2146.069869,,2668.77272,2135.871116,5223.870931,1744.09613,3200.897686,8346.300354,11426.29095,9028.551257,9931.67878
4,R153,TA,2969.942656,,1744.53442,4263.670011,3457.792307,3202.253893,3467.944111,7172.236693,9503.414122,8642.050978,9576.249575
3,R153,5HT,2558.420494,,2171.238688,1052.573656,1515.646208,1903.79766,3770.622878,12682.87622,20670.96877,24293.95775,9613.122166
4,R153,5HT,2987.655227,,2153.40383,1569.181274,1247.933022,2081.851793,3396.254914,15622.65859,21810.68082,27895.89531,18014.87556
3,R153,TPA,2610.701759,,2100.020472,1640.992088,873.5558088,1175.019927,4603.933985,20975.85177,24959.67895,26189.46662,25084.51921
4,R153,TPA,2396.997318,,1779.521054,1266.561675,1319.081876,1512.942212,4535.082038,20839.9191,20014.42583,26589.29364,22916.26372
5,R153,5HT,643.9315932,803.625124,695.601594,705.4779276,784.487434,679.6057232,696.5652024,1604.224152,3780.875117,4956.280818,6602.526661
6,R153,5HT,705.6153008,937.3254272,730.8610884,758.5370196,757.3364492,947.4625516,705.9334824,1487.540473,4335.838407,4722.811753,7761.085104
7,R153,5HT,1055.213944,823.278246,919.9923948,687.3770968,820.7289792,724.8142576,615.796488,1766.470922,2927.854928,4341.589605,6943.668866
5,R153,2-PEA,5173.711305,3573.017788,4062.440269,6422.476751,6394.63492,52313.09252,106770.7228,125736.2247,121421.7702,133388.0717,120996.0937
6,R153,2-PEA,6138.931507,3537.518663,3085.530675,4588.996792,7130.95816,73801.43738,103993.0867,112166.7841,115272.1164,112663.332,124322.2161
7,R153,2-PEA,6433.732959,4134.421085,3695.085776,9482.510825,6419.36838,93609.18154,112218.7742,112229.3742,112565.6359,116006.0299,125616.5443
5,R153,TPA,4549.916048,5769.695103,4840.010503,4739.406521,6422.602779,6339.404198,36545.56195,55053.82446,66558.37928,129466.6012,139640.6404
6,R153,TPA,5332.437291,3389.111721,4943.702077,4331.440668,4740.704848,7363.17223,28685.61541,55174.0458,76783.17981,127274.2846,132970.7446
7,R153,TPA,4150.580964,3639.655086,4467.437711,5986.858461,5977.619822,6751.54525,45453.95417,51855.33533,75223.19727,105343.2649,122609.4264
8,R153,TPA,1153.024611,1099.92685,829.7635464,1490.079166,1415.891544,1958.958705,2360.800274,6750.235526,8160.359476,7164.145973,8091.691391
9,R153,TPA,688.946506,777.4030388,999.866592,1025.604866,1694.287381,1109.199306,4077.142605,7417.609098,8074.434047,8647.30208,9268.25625
10,R153,TPA,733.191806,1250.083017,1106.088544,1124.802981,2468.120802,832.7277968,4239.166883,6118.625866,7558.877185,9413.219972,9393.13019
8,R153,2-PEA,4345.941031,4236.171074,5615.938775,3004.680839,2287.286267,3320.657968,41769.15004,43745.44831,46979.54705,49458.08939,43093.18906
9,R153,2-PEA,5279.024441,5334.125361,4532.178243,3287.530956,2479.933442,9942.063771,33077.90948,34342.36554,37870.912,40819.38496,40422.17907
10,R153,2-PEA,4392.212223,4151.219862,3696.702248,2650.148794,2508.676623,6137.3855,29340.64007,29994.32843,33413.01243,31643.81401,38081.14496
8,R153,5HT,3507.98104,3914.504858,4785.686519,3675.808055,3428.246961,3794.765664,3878.983321,3701.401172,8790.2047,17598.83484,18817.36263
9,R153,5HT,3913.089075,3436.368538,3411.996799,3684.560002,3858.010379,3758.209856,3722.28615,3336.579667,9118.894252,12242.5305,13543.73148
10,R153,5HT,3120.526351,3393.894549,3131.602061,3493.14092,3281.081185,3657.673356,3393.292862,3344.246014,7175.107976,12053.30855,16965.46857
5,R153,TA,2966.16161,3293.691302,3148.854707,3180.892735,3446.794648,3377.932633,3209.738626,4230.994748,8897.953419,8808.236375,12346.90384
6,R153,TA,4160.98548,4013.905778,3786.324486,3212.301404,3538.218221,3664.784748,3623.332185,4677.130684,8682.674166,11196.74061,11818.49505
7,R153,TA,3485.91713,3049.132361,3572.014187,3317.292903,3578.322231,3926.842884,3533.069057,4317.381212,8701.553431,8101.374059,11309.58662
8,R153,TA,827.0369294,956.9754456,1121.650213,553.7229704,601.0838793,914.7244322,940.2076683,1884.757796,2432.769792,3565.542682,3354.154242
9,R153,TA,712.7233454,1026.719006,1149.941517,911.7926995,519.3837435,806.8173175,503.4599909,1692.630844,2075.630229,3160.100563,3491.058111
10,R153,TA,700.2153454,912.7677091,1039.563489,1091.245118,787.9417362,843.6175162,521.5496349,1807.046429,1821.825248,3652.514915,3374.457567
11,R153,TA,2144.61283,2040.35404,2035.498431,1544.424877,1530.389301,1329.449115,3283.022473,7898.256828,9106.640176,8958.40452,11269.35657
12,R153,TA,2108.266729,2888.224534,2163.326986,1301.200682,1690.555767,1691.897738,2428.881232,7114.857563,9209.670613,7867.686972,9126.975263
13,R153,TA,1791.908362,2817.420041,2587.199241,1229.383113,1805.860955,1998.839797,2583.067196,6143.861467,6743.618826,8308.550585,9319.57998
11,R153,TPA,934.4052464,1868.776301,1451.966109,643.0919278,646.6683999,1434.650527,2124.04947,4011.096973,6753.379219,5296.483274,7512.712952
12,R153,TPA,755.261973,2744.925419,1317.913977,805.0962338,546.7011009,654.820774,1837.210979,3803.630469,5082.234124,5240.168937,7907.751371
13,R153,TPA,1414.266221,2628.225289,1122.050501,884.695023,689.6900886,672.2987435,2035.631759,4438.094355,4791.535146,4405.532997,7936.333796
11,R153,2-PEA,1574.884967,2483.354481,3143.516895,2720.963429,3216.963122,6553.322686,11424.25406,20968.91252,20157.74132,23060.96734,23298.80997
12,R153,2-PEA,1903.184946,2898.577332,4034.867096,3045.191078,4525.706632,6410.930545,12653.17999,19823.49628,20322.83372,22507.35538,24330.86411
13,R153,2-PEA,1810.590308,2896.726232,3873.164181,2847.370224,4534.911506,6251.499698,11025.40336,16955.54493,18364.10702,22716.1982,25000.68366
12,R173,TPA,2068.552267,2268.85849,2466.424725,2726.647955,2342.887727,4455.992236,5022.410092,9936.382201,11750.8043,13259.69497,13818.37152
13,R173,TPA,2363.862768,2165.64831,2448.054765,2450.679488,2206.556493,4657.279852,6351.876124,12259.81115,16713.6779,25633.10379,23536.07828
14,R173,TPA,2384.155797,2466.63549,2422.164915,1862.962774,2062.636797,5042.395482,4365.454064,13444.29857,22086.53004,29820.83555,30585.85048
1,R165,DA,1993.414027,1780.746682,1569.693463,1404.049744,1193.079719,1210.835987,679.9453318,1408.444548,10364.64206,19166.83175,22075.13522
2,R165,DA,1724.752068,1823.10778,1966.056659,1299.905812,1541.790995,1231.243162,1044.968188,1386.993584,11818.90754,22020.40336,25024.81212
3,R165,DA,2140.267425,2192.144496,2481.793057,1748.433914,1562.675659,1210.39433,1107.860899,1505.719501,7074.114933,16581.40971,21862.94656
1,R165,Methyl-TA,1960.264842,2441.231728,2016.034374,1717.248881,1290.575497,1168.302796,1046.386335,939.3044705,5003.921396,14262.70876,15213.07179
2,R165,Methyl-TA,1967.783612,1976.897403,2002.120241,2031.085598,1193.006626,1085.49324,1065.192866,651.2973978,5173.88165,15031.49662,16967.23114
3,R165,Methyl-TA,1612.150951,2240.053422,1953.724076,1425.403738,1185.870491,1042.862476,820.5335823,1155.629236,5133.110814,15351.96016,17135.04161
4,R165,DA,1688.862985,3162.562108,3170.927542,2442.017727,1552.096395,1211.441608,1181.456846,3187.994154,20383.75965,29055.36947,38016.49468
5,R165,DA,1634.061426,3276.051226,3361.249315,2964.416488,2014.169986,1730.9722,1321.244976,3941.101422,19337.00118,34816.60059,35724.05861
6,R165,DA,1826.968059,3812.704659,3287.055095,3044.280454,1984.602576,1373.802719,1484.54675,2992.588991,21568.29843,33865.29267,34918.35634
4,R165,Methyl-TA,3500.712681,3534.79523,4187.615508,3051.144246,2062.005233,1739.51094,1216.593289,523.424304,4155.317192,22256.41821,28816.22616
5,R165,Methyl-TA,2966.297584,3834.712329,3430.528105,2867.207508,2076.830473,2207.698618,1117.73193,767.4903242,3933.107209,20038.11342,29947.48978
6,R165,Methyl-TA,2827.582918,3185.232155,3305.101742,2492.96242,1915.101085,1555.941993,1167.981485,934.6459564,3476.639928,19071.7241,35276.25868
7,R165,DA,3199.561076,1713.295343,1513.471889,1063.869509,962.0618346,774.2806586,795.0827913,1122.579938,6256.071998,20849.03781,20261.45363
8,R165,DA,1422.731374,1672.252734,1467.936416,1486.364964,760.1421876,634.8744906,802.7841398,670.1547955,8388.644525,20797.27115,24462.6317
1,R168,Ac-TPA,3258.634731,2581.407384,2133.858137,1898.059826,1444.146196,1118.987997,836.64776,859.9623921,2981.632139,12248.84305,19013.18627
2,R168,Ac-TPA,2560.607682,2576.127118,2732.498925,1742.467255,1569.803276,1156.638542,801.47678,1021.051773,2628.629321,11452.49247,19729.86726
3,R168,Ac-TPA,2484.01573,2768.41314,2569.377966,1701.641504,1423.215435,1077.74372,1005.077559,788.1297719,3627.27929,13179.10803,21207.604
4,R168,Ac-TPA,1993.407475,2080.445872,1907.284835,1535.563979,1033.794081,1090.999519,844.3835819,808.017831,3819.395619,13389.69101,22354.9553
5,R168,Ac-TPA,2007.889557,2271.145406,2097.095623,1402.555322,1161.031171,880.1329665,851.2835518,716.4780849,3643.895379,12571.26946,19768.45306
6,R168,Ac-TPA,2288.698886,2353.471016,1977.065722,1387.683638,1287.087272,1041.078692,949.6234162,828.8592557,3854.335444,11426.87154,21119.77885
7,R168,Ac-TPA,1062.359503,1975.136531,2152.385383,1338.806701,1258.974871,1111.271881,929.3031043,681.451035,3187.113723,12081.68349,19247.22852
8,R168,Ac-TPA,2261.877694,2438.930888,2496.928716,1184.913673,1105.256993,972.0155304,986.6036231,751.5957459,4107.545698,13345.29873,19853.16538
9,R168,Ac-TPA,2692.362498,2312.562991,2396.361487,1661.163076,1239.14829,1083.367522,935.0034142,730.4437819,3356.244391,14388.75864,22096.27199
1,R153,Ac-TPA,1692.418398,1995.767984,1547.368753,1235.643317,1308.215864,832.9950924,1022.520871,800.1235729,1452.671984,6346.959528,9980.032261
2,R153,Ac-TPA,1055.81789,1852.606417,1666.343001,1369.315676,1315.623218,1022.52672,994.8322412,829.2175408,1661.210852,7456.623241,10376.96632
3,R153,Ac-TPA,1859.395411,1855.121648,1910.030389,1615.092742,1231.497269,1084.395452,1035.731873,910.8761831,1759.439095,7263.308142,10026.86633
4,R153,Ac-TPA,1341.792,2259.50908,2358.78158,1829.985889,1637.940978,1022.540399,1075.119925,1027.825672,1963.157098,8062.05601,11085.79664
5,R153,Ac-TPA,1358.20108,2421.207186,2345.348381,1736.715874,1681.20657,1450.471398,977.1137598,874.6670028,2271.020618,7576.462361,14530.37256
6,R153,Ac-TPA,1885.575963,2847.409656,2939.56111,1730.756013,1583.608806,1147.790872,969.8166792,917.2372598,2396.786337,8622.874016,12666.66145
1,R153,DA,602.0212823,760.2180673,695.7758491,541.9549456,577.1434338,295.4617536,364.1794918,564.5102472,1637.820276,7065.876277,7533.932204
2,R153,DA,690.961401,854.7861582,726.755322,609.5382099,583.4674753,494.740764,501.5676949,371.2854796,1967.399414,7738.852781,8425.61821
3,R153,DA,993.0495683,704.8479654,904.4795597,672.8926821,603.7109847,598.0099544,474.0355955,543.3522595,2126.584261,7463.546804,8405.309871
1,R153,m-OCT,561.3865905,772.4868951,582.8824028,445.5626656,644.9592241,481.0008584,425.2204812,591.7683123,4321.72498,12100.46847,12772.50905
2,R153,m-OCT,547.3954181,704.1942597,760.8674745,671.8101322,508.7116237,391.9835352,473.58356,563.8795743,5568.283547,12300.31662,10134.00068
3,R153,m-OCT,643.869752,848.0445394,727.4406054,535.2576905,569.9369765,398.581168,397.8419179,392.0621166,5054.385038,11658.48511,12947.17908
4,R153,DA,2378.285777,2830.960813,2367.103721,1578.947898,1524.687376,1240.382386,871.0391421,921.7031305,6368.320818,13920.06844,15793.99353
5,R153,DA,2406.618702,2767.928588,2272.823783,2007.693949,1453.351016,1211.766059,941.2252836,973.4728555,6075.486769,14219.34636,15867.65443
6,R153,DA,2745.070388,2814.853556,2583.413958,1838.196008,1714.228338,1309.71712,961.8241531,822.6642488,5282.024268,14484.1322,16259.81585
7,R153,DA,1038.349652,1578.719526,835.4100023,906.237136,1004.940271,1047.476702,660.1941774,884.2642196,5866.112908,11543.42172,13347.97357
8,R153,DA,1160.216364,974.0264828,1151.03317,919.0009024,858.734067,850.0672832,947.290347,870.0384862,8046.375578,11921.30641,13638.62235
9,R153,DA,1202.085177,1170.81736,1229.298153,1060.313386,1007.210069,793.5360186,645.9642932,1033.812694,7994.960719,12716.19637,13820.23231
4,R153,m-OCT,2807.885001,2937.030282,2240.357815,1977.972809,1722.112524,1288.683061,955.020285,2139.296562,16154.31867,24036.75881,23436.91224
5,R153,m-OCT,2737.286243,3035.40803,2583.414015,1860.046787,1454.319559,1189.473047,1207.295143,2025.22666,16109.9601,22463.01524,22962.70869
6,R153,m-OCT,2836.739216,2617.305193,2331.501071,1407.976987,1397.793646,1330.486378,750.9202189,1871.033208,15798.66112,23064.45989,22419.50921
7,R153,m-OCT,961.7921269,1277.105637,1494.585743,896.9189824,1146.373365,997.1057178,977.5571772,2181.468502,17348.57579,27525.48344,24841.51592
8,R153,m-OCT,1090.160035,1283.515702,1165.326862,989.9442784,1298.70345,893.4217096,842.532422,2750.361065,17306.31748,24187.51427,18980.91085
9,R153,m-OCT,1138.486905,1213.421577,1179.806444,1193.150022,1168.786267,1474.493772,815.2946456,2497.850927,16823.12308,25523.5622,25704.08755
7,R153,Ac-TPA,1193.402528,2775.113756,1930.67982,1617.04412,1523.273721,1126.424985,925.277795,658.7297718,1844.467737,6320.870282,10422.82796
8,R153,Ac-TPA,1917.51654,2643.908981,2750.576613,1862.369656,1172.637647,1210.268217,861.9157755,1121.772512,1710.626868,6802.344709,7992.874491
9,R153,Ac-TPA,1464.391124,2329.917776,2069.780861,2092.469705,1487.324459,1287.093256,928.3013774,841.3988805,1767.531585,6970.94944,10710.47695
7,R165,Methyl-TA,773.7290556,900.018444,623.192816,629.6454111,492.0782289,624.3250524,556.6572074,431.012778,4106.507309,10878.58247,12072.01291
8,R165,Methyl-TA,414.6922013,781.9587322,948.8273005,844.4269684,616.9567272,519.4473873,458.3253248,515.5072212,4869.8716,10719.75433,10310.33054
9,R165,Methyl-TA,996.2828401,1066.981342,636.6801126,809.7015993,533.919813,484.9481294,368.4938306,591.5127681,5923.772114,10199.02121,10730.77776
10,R165,Methyl-TA,891.1410629,699.0487959,809.4289687,677.933451,582.4388925,512.2738908,548.4221554,459.091338,5071.803884,9302.7903,11069.09137
11,R165,Methyl-TA,794.95972,672.2635704,941.6369199,712.8448812,554.7010127,568.205568,493.3318572,452.0393526,4749.718726,11371.16786,10577.1754
12,R165,Methyl-TA,670.3680262,830.3081703,691.6949917,788.8541683,699.6105518,540.923348,534.7779528,515.7143711,5033.51279,10783.97952,10371.35134
